<?xml version="1.0" encoding="UTF-8"?><allClasses><apiPackage id="org.as3coreaddendum.display"><apiName>org.as3coreaddendum.display</apiName><apiClassifier id="org.as3coreaddendum.display:IDisplayObjectContainer"><apiName>IDisplayObjectContainer</apiName><apiClassifierDetail><apiClassifierDef><apiInterface/><apiAccess value="public"/><apiStatic/><apiBaseInterface>org.as3coreaddendum.display:IInteractiveObject</apiBaseInterface><apiBaseClassifier/></apiClassifierDef></apiClassifierDetail><prolog><asMetadata/></prolog></apiClassifier><apiClassifier id="org.as3coreaddendum.display:IDisplayObject"><apiName>IDisplayObject</apiName><apiClassifierDetail><apiClassifierDef><apiInterface/><apiAccess value="public"/><apiStatic/><apiBaseInterface>flash.events:IEventDispatcher</apiBaseInterface><apiBaseClassifier/></apiClassifierDef></apiClassifierDetail><prolog><asMetadata/></prolog></apiClassifier><apiClassifier id="org.as3coreaddendum.display:IInteractiveObject"><apiName>IInteractiveObject</apiName><apiClassifierDetail><apiClassifierDef><apiInterface/><apiAccess value="public"/><apiStatic/><apiBaseInterface>org.as3coreaddendum.display:IDisplayObject</apiBaseInterface><apiBaseClassifier/></apiClassifierDef></apiClassifierDetail><prolog><asMetadata/></prolog></apiClassifier></apiPackage><apiPackage id="org.as3coreaddendum.errors"><apiName>org.as3coreaddendum.errors</apiName><apiClassifier id="org.as3coreaddendum.errors:UnsupportedOperationError"><apiName>UnsupportedOperationError</apiName><apiClassifierDetail><apiClassifierDef><apiAccess value="public"/><apiStatic/><apiBaseClassifier>Error</apiBaseClassifier></apiClassifierDef></apiClassifierDetail><prolog><asMetadata/></prolog></apiClassifier><apiClassifier id="org.as3coreaddendum.errors:NullPointerError"><apiName>NullPointerError</apiName><apiClassifierDetail><apiClassifierDef><apiAccess value="public"/><apiStatic/><apiBaseClassifier>Error</apiBaseClassifier></apiClassifierDef></apiClassifierDetail><prolog><asMetadata/></prolog></apiClassifier><apiClassifier id="org.as3coreaddendum.errors:CloneNotSupportedError"><apiName>CloneNotSupportedError</apiName><apiClassifierDetail><apiClassifierDef><apiAccess value="public"/><apiStatic/><apiBaseClassifier>Error</apiBaseClassifier></apiClassifierDef></apiClassifierDetail><prolog><asMetadata/></prolog></apiClassifier><apiClassifier id="org.as3coreaddendum.errors:InvalidEnumArgumentError"><apiName>InvalidEnumArgumentError</apiName><apiClassifierDetail><apiClassifierDef><apiAccess value="public"/><apiStatic/><apiBaseClassifier>Error</apiBaseClassifier></apiClassifierDef></apiClassifierDetail><prolog><asMetadata/></prolog></apiClassifier><apiClassifier id="org.as3coreaddendum.errors:ClassCastError"><apiName>ClassCastError</apiName><apiClassifierDetail><apiClassifierDef><apiAccess value="public"/><apiStatic/><apiBaseClassifier>Error</apiBaseClassifier></apiClassifierDef></apiClassifierDetail><prolog><asMetadata/></prolog></apiClassifier><apiClassifier id="org.as3coreaddendum.errors:ObjectDisposedError"><apiName>ObjectDisposedError</apiName><apiClassifierDetail><apiClassifierDef><apiAccess value="public"/><apiStatic/><apiBaseClassifier>Error</apiBaseClassifier></apiClassifierDef></apiClassifierDetail><prolog><asMetadata/></prolog></apiClassifier><apiClassifier id="org.as3coreaddendum.errors:IllegalStateError"><apiName>IllegalStateError</apiName><apiClassifierDetail><apiClassifierDef><apiAccess value="public"/><apiStatic/><apiBaseClassifier>Error</apiBaseClassifier></apiClassifierDef></apiClassifierDetail><prolog><asMetadata/></prolog></apiClassifier></apiPackage><apiPackage id="org.as3coreaddendum.events"><apiName>org.as3coreaddendum.events</apiName><apiClassifier id="org.as3coreaddendum.events:PriorityEvent"><apiName>PriorityEvent</apiName><apiClassifierDetail><apiClassifierDef><apiAccess value="public"/><apiStatic/><apiBaseClassifier>flash.events:Event</apiBaseClassifier></apiClassifierDef></apiClassifierDetail><prolog><asMetadata/></prolog></apiClassifier><apiClassifier id="org.as3coreaddendum.events:IndexEvent"><apiName>IndexEvent</apiName><apiClassifierDetail><apiClassifierDef><apiAccess value="public"/><apiStatic/><apiBaseClassifier>flash.events:Event</apiBaseClassifier></apiClassifierDef></apiClassifierDetail><prolog><asMetadata/></prolog></apiClassifier></apiPackage><apiPackage id="org.as3coreaddendum.system.comparators"><apiName>org.as3coreaddendum.system.comparators</apiName><apiClassifier id="org.as3coreaddendum.system.comparators:NumberComparator"><apiName>NumberComparator</apiName><apiClassifierDetail><apiClassifierDef><apiAccess value="public"/><apiStatic/><apiBaseInterface>org.as3coreaddendum.system:IComparator</apiBaseInterface><apiBaseClassifier>Object</apiBaseClassifier></apiClassifierDef></apiClassifierDetail><prolog><asMetadata/></prolog></apiClassifier><apiClassifier id="org.as3coreaddendum.system.comparators:BooleanComparator"><apiName>BooleanComparator</apiName><apiClassifierDetail><apiClassifierDef><apiAccess value="public"/><apiStatic/><apiBaseInterface>org.as3coreaddendum.system:IComparator</apiBaseInterface><apiBaseClassifier>Object</apiBaseClassifier></apiClassifierDef></apiClassifierDetail><prolog><asMetadata/></prolog></apiClassifier><apiClassifier id="org.as3coreaddendum.system.comparators:IndexComparator"><apiName>IndexComparator</apiName><apiClassifierDetail><apiClassifierDef><apiAccess value="public"/><apiStatic/><apiBaseInterface>org.as3coreaddendum.system:IComparator</apiBaseInterface><apiBaseClassifier>Object</apiBaseClassifier></apiClassifierDef></apiClassifierDetail><prolog><asMetadata/></prolog></apiClassifier><apiClassifier id="org.as3coreaddendum.system.comparators:PropertyComparator"><apiName>PropertyComparator</apiName><apiClassifierDetail><apiClassifierDef><apiAccess value="public"/><apiStatic/><apiBaseInterface>org.as3coreaddendum.system:IComparator</apiBaseInterface><apiBaseClassifier>Object</apiBaseClassifier></apiClassifierDef></apiClassifierDetail><prolog><asMetadata/></prolog></apiClassifier><apiClassifier id="org.as3coreaddendum.system.comparators:StringComparator"><apiName>StringComparator</apiName><apiClassifierDetail><apiClassifierDef><apiAccess value="public"/><apiStatic/><apiBaseInterface>org.as3coreaddendum.system:IComparator</apiBaseInterface><apiBaseClassifier>Object</apiBaseClassifier></apiClassifierDef></apiClassifierDetail><prolog><asMetadata/></prolog></apiClassifier><apiClassifier id="org.as3coreaddendum.system.comparators:BooleanComparison"><apiName>BooleanComparison</apiName><apiClassifierDetail><apiClassifierDef><apiAccess value="public"/><apiStatic/><apiBaseClassifier>org.as3coreaddendum.system:Enum</apiBaseClassifier></apiClassifierDef></apiClassifierDetail><prolog><asMetadata/></prolog></apiClassifier><apiClassifier id="org.as3coreaddendum.system.comparators:AlphabeticalComparison"><apiName>AlphabeticalComparison</apiName><apiClassifierDetail><apiClassifierDef><apiAccess value="public"/><apiStatic/><apiBaseClassifier>org.as3coreaddendum.system:Enum</apiBaseClassifier></apiClassifierDef></apiClassifierDetail><prolog><asMetadata/></prolog></apiClassifier><apiClassifier id="org.as3coreaddendum.system.comparators:AlphabeticalComparator"><apiName>AlphabeticalComparator</apiName><apiClassifierDetail><apiClassifierDef><apiAccess value="public"/><apiStatic/><apiBaseInterface>org.as3coreaddendum.system:IComparator</apiBaseInterface><apiBaseClassifier>Object</apiBaseClassifier></apiClassifierDef></apiClassifierDetail><prolog><asMetadata/></prolog></apiClassifier><apiClassifier id="org.as3coreaddendum.system.comparators:PriorityIndexComparator"><apiName>PriorityIndexComparator</apiName><apiClassifierDetail><apiClassifierDef><apiAccess value="public"/><apiStatic/><apiBaseInterface>org.as3coreaddendum.system:IComparator</apiBaseInterface><apiBaseClassifier>Object</apiBaseClassifier></apiClassifierDef></apiClassifierDetail><prolog><asMetadata/></prolog></apiClassifier><apiClassifier id="org.as3coreaddendum.system.comparators:PriorityComparator"><apiName>PriorityComparator</apiName><apiClassifierDetail><apiClassifierDef><apiAccess value="public"/><apiStatic/><apiBaseInterface>org.as3coreaddendum.system:IComparator</apiBaseInterface><apiBaseClassifier>Object</apiBaseClassifier></apiClassifierDef></apiClassifierDetail><prolog><asMetadata/></prolog></apiClassifier><apiClassifier id="org.as3coreaddendum.system.comparators:DateComparator"><apiName>DateComparator</apiName><apiClassifierDetail><apiClassifierDef><apiAccess value="public"/><apiStatic/><apiBaseInterface>org.as3coreaddendum.system:IComparator</apiBaseInterface><apiBaseClassifier>Object</apiBaseClassifier></apiClassifierDef></apiClassifierDetail><prolog><asMetadata/></prolog></apiClassifier></apiPackage><apiPackage id="org.as3coreaddendum.system"><apiName>org.as3coreaddendum.system</apiName><apiClassifier id="org.as3coreaddendum.system:StringCase"><apiName>StringCase</apiName><apiClassifierDetail><apiClassifierDef><apiAccess value="public"/><apiStatic/><apiBaseClassifier>org.as3coreaddendum.system:Enum</apiBaseClassifier></apiClassifierDef></apiClassifierDetail><prolog><asMetadata/></prolog></apiClassifier><apiClassifier id="org.as3coreaddendum.system:IEquatable"><apiName>IEquatable</apiName><apiClassifierDetail><apiClassifierDef><apiInterface/><apiAccess value="public"/><apiStatic/><apiBaseClassifier/></apiClassifierDef></apiClassifierDetail><prolog><asMetadata/></prolog></apiClassifier><apiClassifier id="org.as3coreaddendum.system:ISortable"><apiName>ISortable</apiName><apiClassifierDetail><apiClassifierDef><apiInterface/><apiAccess value="public"/><apiStatic/><apiBaseClassifier/></apiClassifierDef></apiClassifierDetail><prolog><asMetadata/></prolog></apiClassifier><apiClassifier id="org.as3coreaddendum.system:NumericRounding"><apiName>NumericRounding</apiName><apiClassifierDetail><apiClassifierDef><apiAccess value="public"/><apiStatic/><apiBaseClassifier>org.as3coreaddendum.system:Enum</apiBaseClassifier></apiClassifierDef></apiClassifierDetail><prolog><asMetadata/></prolog></apiClassifier><apiClassifier id="org.as3coreaddendum.system:ISerializable"><apiName>ISerializable</apiName><apiClassifierDetail><apiClassifierDef><apiInterface/><apiAccess value="public"/><apiStatic/><apiBaseClassifier/></apiClassifierDef></apiClassifierDetail><prolog><asMetadata/></prolog></apiClassifier><apiClassifier id="org.as3coreaddendum.system:IComparable"><apiName>IComparable</apiName><apiClassifierDetail><apiClassifierDef><apiInterface/><apiAccess value="public"/><apiStatic/><apiBaseClassifier/></apiClassifierDef></apiClassifierDetail><prolog><asMetadata/></prolog></apiClassifier><apiClassifier id="org.as3coreaddendum.system:ICloneable"><apiName>ICloneable</apiName><apiClassifierDetail><apiClassifierDef><apiInterface/><apiAccess value="public"/><apiStatic/><apiBaseClassifier/></apiClassifierDef></apiClassifierDetail><prolog><asMetadata/></prolog></apiClassifier><apiClassifier id="org.as3coreaddendum.system:IDisposable"><apiName>IDisposable</apiName><apiClassifierDetail><apiClassifierDef><apiInterface/><apiAccess value="public"/><apiStatic/><apiBaseClassifier/></apiClassifierDef></apiClassifierDetail><prolog><asMetadata/></prolog></apiClassifier><apiClassifier id="org.as3coreaddendum.system:IComparator"><apiName>IComparator</apiName><apiClassifierDetail><apiClassifierDef><apiInterface/><apiAccess value="public"/><apiStatic/><apiBaseClassifier/></apiClassifierDef></apiClassifierDetail><prolog><asMetadata/></prolog></apiClassifier><apiClassifier id="org.as3coreaddendum.system:IIndexable"><apiName>IIndexable</apiName><apiClassifierDetail><apiClassifierDef><apiInterface/><apiAccess value="public"/><apiStatic/><apiBaseClassifier/></apiClassifierDef></apiClassifierDetail><prolog><asMetadata/></prolog></apiClassifier><apiClassifier id="org.as3coreaddendum.system:Enum"><apiName>Enum</apiName><apiClassifierDetail><apiClassifierDef><apiAccess value="public"/><apiStatic/><apiBaseInterface>org.as3coreaddendum.system:IComparable</apiBaseInterface><apiBaseInterface>org.as3coreaddendum.system:IEquatable</apiBaseInterface><apiBaseInterface>org.as3coreaddendum.system:ISerializable</apiBaseInterface><apiBaseClassifier>Object</apiBaseClassifier></apiClassifierDef></apiClassifierDetail><prolog><asMetadata/></prolog></apiClassifier><apiClassifier id="org.as3coreaddendum.system:IInitializable"><apiName>IInitializable</apiName><apiClassifierDetail><apiClassifierDef><apiInterface/><apiAccess value="public"/><apiStatic/><apiBaseClassifier/></apiClassifierDef></apiClassifierDetail><prolog><asMetadata/></prolog></apiClassifier><apiClassifier id="org.as3coreaddendum.system:ITypeable"><apiName>ITypeable</apiName><apiClassifierDetail><apiClassifierDef><apiInterface/><apiAccess value="public"/><apiStatic/><apiBaseClassifier/></apiClassifierDef></apiClassifierDetail><prolog><asMetadata/></prolog></apiClassifier><apiClassifier id="org.as3coreaddendum.system:IPriority"><apiName>IPriority</apiName><apiClassifierDetail><apiClassifierDef><apiInterface/><apiAccess value="public"/><apiStatic/><apiBaseClassifier/></apiClassifierDef></apiClassifierDetail><prolog><asMetadata/></prolog></apiClassifier></apiPackage></allClasses>