<?xml version="1.0" encoding="UTF-8"?><apiPackage id="org.as3coreaddendum.display"><apiName>org.as3coreaddendum.display</apiName><apiDetail/><apiClassifier id="org.as3coreaddendum.display:IDisplayObjectContainer"><apiName>IDisplayObjectContainer</apiName><shortdesc>
	 When working on an architecture of interfaces for user-interface components, this interface may be desirable.</shortdesc><prolog><author>Flávio Silva
	 </author><asMetadata/></prolog><apiClassifierDetail><apiClassifierDef><apiInterface/><apiAccess value="public"/><apiStatic/><apiBaseInterface>org.as3coreaddendum.display:IInteractiveObject</apiBaseInterface><apiBaseClassifier/></apiClassifierDef><apiDesc>
	 When working on an architecture of interfaces for user-interface components, this interface may be desirable.
	 <p>This interface simulates a native <codeph>DisplayObjectContainer</codeph> interface, specifying all methods and properties of the <codeph>DisplayObjectContainer</codeph> class for pure Flash Player 10.</p>
	 <p>For more information see the ActionScript 3.0 Language Reference.</p>
	 
	 </apiDesc></apiClassifierDetail><apiOperation id="org.as3coreaddendum.display:IDisplayObjectContainer:org.as3coreaddendum.display:IDisplayObjectContainer:addChildAt"><apiName>addChildAt</apiName><shortdesc/><prolog/><apiOperationDetail><apiOperationDef><apiAccess value="public"/><apiReturn><apiType value="flash.display:DisplayObject"/></apiReturn><apiParam><apiItemName>child</apiItemName><apiType value="flash.display:DisplayObject"/></apiParam><apiParam><apiItemName>index</apiItemName><apiType value="int"/></apiParam></apiOperationDef></apiOperationDetail></apiOperation><apiOperation id="org.as3coreaddendum.display:IDisplayObjectContainer:org.as3coreaddendum.display:IDisplayObjectContainer:addChild"><apiName>addChild</apiName><shortdesc/><prolog/><apiOperationDetail><apiOperationDef><apiAccess value="public"/><apiReturn><apiType value="flash.display:DisplayObject"/></apiReturn><apiParam><apiItemName>child</apiItemName><apiType value="flash.display:DisplayObject"/></apiParam></apiOperationDef></apiOperationDetail></apiOperation><apiOperation id="org.as3coreaddendum.display:IDisplayObjectContainer:org.as3coreaddendum.display:IDisplayObjectContainer:areInaccessibleObjectsUnderPoint"><apiName>areInaccessibleObjectsUnderPoint</apiName><shortdesc/><prolog/><apiOperationDetail><apiOperationDef><apiAccess value="public"/><apiReturn><apiType value="Boolean"/></apiReturn><apiParam><apiItemName>point</apiItemName><apiType value="flash.geom:Point"/></apiParam></apiOperationDef></apiOperationDetail></apiOperation><apiOperation id="org.as3coreaddendum.display:IDisplayObjectContainer:org.as3coreaddendum.display:IDisplayObjectContainer:contains"><apiName>contains</apiName><shortdesc/><prolog/><apiOperationDetail><apiOperationDef><apiAccess value="public"/><apiReturn><apiType value="Boolean"/></apiReturn><apiParam><apiItemName>child</apiItemName><apiType value="flash.display:DisplayObject"/></apiParam></apiOperationDef></apiOperationDetail></apiOperation><apiOperation id="org.as3coreaddendum.display:IDisplayObjectContainer:org.as3coreaddendum.display:IDisplayObjectContainer:getChildAt"><apiName>getChildAt</apiName><shortdesc/><prolog/><apiOperationDetail><apiOperationDef><apiAccess value="public"/><apiReturn><apiType value="flash.display:DisplayObject"/></apiReturn><apiParam><apiItemName>index</apiItemName><apiType value="int"/></apiParam></apiOperationDef></apiOperationDetail></apiOperation><apiOperation id="org.as3coreaddendum.display:IDisplayObjectContainer:org.as3coreaddendum.display:IDisplayObjectContainer:getChildByName"><apiName>getChildByName</apiName><shortdesc/><prolog/><apiOperationDetail><apiOperationDef><apiAccess value="public"/><apiReturn><apiType value="flash.display:DisplayObject"/></apiReturn><apiParam><apiItemName>name</apiItemName><apiType value="String"/></apiParam></apiOperationDef></apiOperationDetail></apiOperation><apiOperation id="org.as3coreaddendum.display:IDisplayObjectContainer:org.as3coreaddendum.display:IDisplayObjectContainer:getChildIndex"><apiName>getChildIndex</apiName><shortdesc/><prolog/><apiOperationDetail><apiOperationDef><apiAccess value="public"/><apiReturn><apiType value="int"/></apiReturn><apiParam><apiItemName>child</apiItemName><apiType value="flash.display:DisplayObject"/></apiParam></apiOperationDef></apiOperationDetail></apiOperation><apiOperation id="org.as3coreaddendum.display:IDisplayObjectContainer:org.as3coreaddendum.display:IDisplayObjectContainer:getObjectsUnderPoint"><apiName>getObjectsUnderPoint</apiName><shortdesc/><prolog/><apiOperationDetail><apiOperationDef><apiAccess value="public"/><apiReturn><apiType value="Array"/></apiReturn><apiParam><apiItemName>point</apiItemName><apiType value="flash.geom:Point"/></apiParam></apiOperationDef></apiOperationDetail></apiOperation><apiOperation id="org.as3coreaddendum.display:IDisplayObjectContainer:org.as3coreaddendum.display:IDisplayObjectContainer:removeChildAt"><apiName>removeChildAt</apiName><shortdesc/><prolog/><apiOperationDetail><apiOperationDef><apiAccess value="public"/><apiReturn><apiType value="flash.display:DisplayObject"/></apiReturn><apiParam><apiItemName>index</apiItemName><apiType value="int"/></apiParam></apiOperationDef></apiOperationDetail></apiOperation><apiOperation id="org.as3coreaddendum.display:IDisplayObjectContainer:org.as3coreaddendum.display:IDisplayObjectContainer:removeChild"><apiName>removeChild</apiName><shortdesc/><prolog/><apiOperationDetail><apiOperationDef><apiAccess value="public"/><apiReturn><apiType value="flash.display:DisplayObject"/></apiReturn><apiParam><apiItemName>child</apiItemName><apiType value="flash.display:DisplayObject"/></apiParam></apiOperationDef></apiOperationDetail></apiOperation><apiOperation id="org.as3coreaddendum.display:IDisplayObjectContainer:org.as3coreaddendum.display:IDisplayObjectContainer:setChildIndex"><apiName>setChildIndex</apiName><shortdesc/><prolog/><apiOperationDetail><apiOperationDef><apiAccess value="public"/><apiReturn><apiType value="void"/></apiReturn><apiParam><apiItemName>child</apiItemName><apiType value="flash.display:DisplayObject"/></apiParam><apiParam><apiItemName>index</apiItemName><apiType value="int"/></apiParam></apiOperationDef></apiOperationDetail></apiOperation><apiOperation id="org.as3coreaddendum.display:IDisplayObjectContainer:org.as3coreaddendum.display:IDisplayObjectContainer:swapChildrenAt"><apiName>swapChildrenAt</apiName><shortdesc/><prolog/><apiOperationDetail><apiOperationDef><apiAccess value="public"/><apiReturn><apiType value="void"/></apiReturn><apiParam><apiItemName>index1</apiItemName><apiType value="int"/></apiParam><apiParam><apiItemName>index2</apiItemName><apiType value="int"/></apiParam></apiOperationDef></apiOperationDetail></apiOperation><apiOperation id="org.as3coreaddendum.display:IDisplayObjectContainer:org.as3coreaddendum.display:IDisplayObjectContainer:swapChildren"><apiName>swapChildren</apiName><shortdesc/><prolog/><apiOperationDetail><apiOperationDef><apiAccess value="public"/><apiReturn><apiType value="void"/></apiReturn><apiParam><apiItemName>child1</apiItemName><apiType value="flash.display:DisplayObject"/></apiParam><apiParam><apiItemName>child2</apiItemName><apiType value="flash.display:DisplayObject"/></apiParam></apiOperationDef></apiOperationDetail></apiOperation><apiValue id="org.as3coreaddendum.display:IDisplayObjectContainer:org.as3coreaddendum.display:IDisplayObjectContainer:mouseChildren:get"><apiName>mouseChildren</apiName><shortdesc/><prolog/><apiValueDetail><apiValueDef><apiProperty/><apiAccess value="public"/><apiDynamic/><apiValueAccess value="readwrite"/><apiType value="Boolean"/></apiValueDef></apiValueDetail></apiValue><apiValue id="org.as3coreaddendum.display:IDisplayObjectContainer:org.as3coreaddendum.display:IDisplayObjectContainer:numChildren:get"><apiName>numChildren</apiName><shortdesc/><prolog/><apiValueDetail><apiValueDef><apiProperty/><apiAccess value="public"/><apiDynamic/><apiValueAccess value="read"/><apiType value="int"/></apiValueDef></apiValueDetail></apiValue><apiValue id="org.as3coreaddendum.display:IDisplayObjectContainer:org.as3coreaddendum.display:IDisplayObjectContainer:tabChildren:get"><apiName>tabChildren</apiName><shortdesc/><prolog/><apiValueDetail><apiValueDef><apiProperty/><apiAccess value="public"/><apiDynamic/><apiValueAccess value="readwrite"/><apiType value="Boolean"/></apiValueDef></apiValueDetail></apiValue><apiValue id="org.as3coreaddendum.display:IDisplayObjectContainer:org.as3coreaddendum.display:IDisplayObjectContainer:textSnapshot:get"><apiName>textSnapshot</apiName><shortdesc/><prolog/><apiValueDetail><apiValueDef><apiProperty/><apiAccess value="public"/><apiDynamic/><apiValueAccess value="read"/><apiType value="flash.text:TextSnapshot"/></apiValueDef></apiValueDetail></apiValue></apiClassifier><apiClassifier id="org.as3coreaddendum.display:IDisplayObject"><apiName>IDisplayObject</apiName><shortdesc>
	 When working on an architecture of interfaces for user-interface components, this interface may be desirable.</shortdesc><prolog><author>Flávio Silva
	 </author><asMetadata/></prolog><apiClassifierDetail><apiClassifierDef><apiInterface/><apiAccess value="public"/><apiStatic/><apiBaseInterface>flash.events:IEventDispatcher</apiBaseInterface><apiBaseClassifier/></apiClassifierDef><apiDesc>
	 When working on an architecture of interfaces for user-interface components, this interface may be desirable.
	 <p>This interface simulates a native <codeph>DisplayObject</codeph> interface, specifying all methods and properties of the <codeph>DisplayObject</codeph> class for pure Flash Player 10.</p>
	 <p>For more information see the ActionScript 3.0 Language Reference.</p>
	 
	 </apiDesc></apiClassifierDetail><apiOperation id="org.as3coreaddendum.display:IDisplayObject:org.as3coreaddendum.display:IDisplayObject:getBounds"><apiName>getBounds</apiName><shortdesc/><prolog/><apiOperationDetail><apiOperationDef><apiAccess value="public"/><apiReturn><apiType value="flash.geom:Rectangle"/></apiReturn><apiParam><apiItemName>targetCoordinateSpace</apiItemName><apiType value="flash.display:DisplayObject"/></apiParam></apiOperationDef></apiOperationDetail></apiOperation><apiOperation id="org.as3coreaddendum.display:IDisplayObject:org.as3coreaddendum.display:IDisplayObject:getRect"><apiName>getRect</apiName><shortdesc/><prolog/><apiOperationDetail><apiOperationDef><apiAccess value="public"/><apiReturn><apiType value="flash.geom:Rectangle"/></apiReturn><apiParam><apiItemName>targetCoordinateSpace</apiItemName><apiType value="flash.display:DisplayObject"/></apiParam></apiOperationDef></apiOperationDetail></apiOperation><apiOperation id="org.as3coreaddendum.display:IDisplayObject:org.as3coreaddendum.display:IDisplayObject:globalToLocal3D"><apiName>globalToLocal3D</apiName><shortdesc/><prolog/><apiOperationDetail><apiOperationDef><apiAccess value="public"/><apiReturn><apiType value="flash.geom:Vector3D"/></apiReturn><apiParam><apiItemName>point</apiItemName><apiType value="flash.geom:Point"/></apiParam></apiOperationDef></apiOperationDetail></apiOperation><apiOperation id="org.as3coreaddendum.display:IDisplayObject:org.as3coreaddendum.display:IDisplayObject:globalToLocal"><apiName>globalToLocal</apiName><shortdesc/><prolog/><apiOperationDetail><apiOperationDef><apiAccess value="public"/><apiReturn><apiType value="flash.geom:Point"/></apiReturn><apiParam><apiItemName>point</apiItemName><apiType value="flash.geom:Point"/></apiParam></apiOperationDef></apiOperationDetail></apiOperation><apiOperation id="org.as3coreaddendum.display:IDisplayObject:org.as3coreaddendum.display:IDisplayObject:hitTestObject"><apiName>hitTestObject</apiName><shortdesc/><prolog/><apiOperationDetail><apiOperationDef><apiAccess value="public"/><apiReturn><apiType value="Boolean"/></apiReturn><apiParam><apiItemName>obj</apiItemName><apiType value="flash.display:DisplayObject"/></apiParam></apiOperationDef></apiOperationDetail></apiOperation><apiOperation id="org.as3coreaddendum.display:IDisplayObject:org.as3coreaddendum.display:IDisplayObject:hitTestPoint"><apiName>hitTestPoint</apiName><shortdesc/><prolog/><apiOperationDetail><apiOperationDef><apiAccess value="public"/><apiReturn><apiType value="Boolean"/></apiReturn><apiParam><apiItemName>x</apiItemName><apiType value="Number"/></apiParam><apiParam><apiItemName>y</apiItemName><apiType value="Number"/></apiParam><apiParam><apiItemName>shapeFlag</apiItemName><apiType value="Boolean"/><apiData>false</apiData></apiParam></apiOperationDef></apiOperationDetail></apiOperation><apiOperation id="org.as3coreaddendum.display:IDisplayObject:org.as3coreaddendum.display:IDisplayObject:local3DToGlobal"><apiName>local3DToGlobal</apiName><shortdesc/><prolog/><apiOperationDetail><apiOperationDef><apiAccess value="public"/><apiReturn><apiType value="flash.geom:Point"/></apiReturn><apiParam><apiItemName>point3d</apiItemName><apiType value="flash.geom:Vector3D"/></apiParam></apiOperationDef></apiOperationDetail></apiOperation><apiOperation id="org.as3coreaddendum.display:IDisplayObject:org.as3coreaddendum.display:IDisplayObject:localToGlobal"><apiName>localToGlobal</apiName><shortdesc/><prolog/><apiOperationDetail><apiOperationDef><apiAccess value="public"/><apiReturn><apiType value="flash.geom:Point"/></apiReturn><apiParam><apiItemName>point</apiItemName><apiType value="flash.geom:Point"/></apiParam></apiOperationDef></apiOperationDetail></apiOperation><apiValue id="org.as3coreaddendum.display:IDisplayObject:org.as3coreaddendum.display:IDisplayObject:accessibilityProperties:get"><apiName>accessibilityProperties</apiName><shortdesc/><prolog/><apiValueDetail><apiValueDef><apiProperty/><apiAccess value="public"/><apiDynamic/><apiValueAccess value="readwrite"/><apiType value="flash.accessibility:AccessibilityProperties"/></apiValueDef></apiValueDetail></apiValue><apiValue id="org.as3coreaddendum.display:IDisplayObject:org.as3coreaddendum.display:IDisplayObject:alpha:get"><apiName>alpha</apiName><shortdesc/><prolog/><apiValueDetail><apiValueDef><apiProperty/><apiAccess value="public"/><apiDynamic/><apiValueAccess value="readwrite"/><apiType value="Number"/></apiValueDef></apiValueDetail></apiValue><apiValue id="org.as3coreaddendum.display:IDisplayObject:org.as3coreaddendum.display:IDisplayObject:blendMode:get"><apiName>blendMode</apiName><shortdesc/><prolog/><apiValueDetail><apiValueDef><apiProperty/><apiAccess value="public"/><apiDynamic/><apiValueAccess value="readwrite"/><apiType value="String"/></apiValueDef></apiValueDetail></apiValue><apiValue id="org.as3coreaddendum.display:IDisplayObject:org.as3coreaddendum.display:IDisplayObject:filters:get"><apiName>filters</apiName><shortdesc/><prolog/><apiValueDetail><apiValueDef><apiProperty/><apiAccess value="public"/><apiDynamic/><apiValueAccess value="readwrite"/><apiType value="Array"/></apiValueDef></apiValueDetail></apiValue><apiValue id="org.as3coreaddendum.display:IDisplayObject:org.as3coreaddendum.display:IDisplayObject:height:get"><apiName>height</apiName><shortdesc/><prolog/><apiValueDetail><apiValueDef><apiProperty/><apiAccess value="public"/><apiDynamic/><apiValueAccess value="readwrite"/><apiType value="Number"/></apiValueDef></apiValueDetail></apiValue><apiValue id="org.as3coreaddendum.display:IDisplayObject:org.as3coreaddendum.display:IDisplayObject:loaderInfo:get"><apiName>loaderInfo</apiName><shortdesc/><prolog/><apiValueDetail><apiValueDef><apiProperty/><apiAccess value="public"/><apiDynamic/><apiValueAccess value="read"/><apiType value="flash.display:LoaderInfo"/></apiValueDef></apiValueDetail></apiValue><apiValue id="org.as3coreaddendum.display:IDisplayObject:org.as3coreaddendum.display:IDisplayObject:mask:get"><apiName>mask</apiName><shortdesc/><prolog/><apiValueDetail><apiValueDef><apiProperty/><apiAccess value="public"/><apiDynamic/><apiValueAccess value="readwrite"/><apiType value="flash.display:DisplayObject"/></apiValueDef></apiValueDetail></apiValue><apiValue id="org.as3coreaddendum.display:IDisplayObject:org.as3coreaddendum.display:IDisplayObject:mouseX:get"><apiName>mouseX</apiName><shortdesc/><prolog/><apiValueDetail><apiValueDef><apiProperty/><apiAccess value="public"/><apiDynamic/><apiValueAccess value="read"/><apiType value="Number"/></apiValueDef></apiValueDetail></apiValue><apiValue id="org.as3coreaddendum.display:IDisplayObject:org.as3coreaddendum.display:IDisplayObject:mouseY:get"><apiName>mouseY</apiName><shortdesc/><prolog/><apiValueDetail><apiValueDef><apiProperty/><apiAccess value="public"/><apiDynamic/><apiValueAccess value="read"/><apiType value="Number"/></apiValueDef></apiValueDetail></apiValue><apiValue id="org.as3coreaddendum.display:IDisplayObject:org.as3coreaddendum.display:IDisplayObject:name:get"><apiName>name</apiName><shortdesc/><prolog/><apiValueDetail><apiValueDef><apiProperty/><apiAccess value="public"/><apiDynamic/><apiValueAccess value="readwrite"/><apiType value="String"/></apiValueDef></apiValueDetail></apiValue><apiValue id="org.as3coreaddendum.display:IDisplayObject:org.as3coreaddendum.display:IDisplayObject:opaqueBackground:get"><apiName>opaqueBackground</apiName><shortdesc/><prolog/><apiValueDetail><apiValueDef><apiProperty/><apiAccess value="public"/><apiDynamic/><apiValueAccess value="readwrite"/><apiType value="Object"/></apiValueDef></apiValueDetail></apiValue><apiValue id="org.as3coreaddendum.display:IDisplayObject:org.as3coreaddendum.display:IDisplayObject:parent:get"><apiName>parent</apiName><shortdesc/><prolog/><apiValueDetail><apiValueDef><apiProperty/><apiAccess value="public"/><apiDynamic/><apiValueAccess value="read"/><apiType value="flash.display:DisplayObjectContainer"/></apiValueDef></apiValueDetail></apiValue><apiValue id="org.as3coreaddendum.display:IDisplayObject:org.as3coreaddendum.display:IDisplayObject:root:get"><apiName>root</apiName><shortdesc/><prolog/><apiValueDetail><apiValueDef><apiProperty/><apiAccess value="public"/><apiDynamic/><apiValueAccess value="read"/><apiType value="flash.display:DisplayObject"/></apiValueDef></apiValueDetail></apiValue><apiValue id="org.as3coreaddendum.display:IDisplayObject:org.as3coreaddendum.display:IDisplayObject:rotationX:get"><apiName>rotationX</apiName><shortdesc/><prolog/><apiValueDetail><apiValueDef><apiProperty/><apiAccess value="public"/><apiDynamic/><apiValueAccess value="readwrite"/><apiType value="Number"/></apiValueDef></apiValueDetail></apiValue><apiValue id="org.as3coreaddendum.display:IDisplayObject:org.as3coreaddendum.display:IDisplayObject:rotationY:get"><apiName>rotationY</apiName><shortdesc/><prolog/><apiValueDetail><apiValueDef><apiProperty/><apiAccess value="public"/><apiDynamic/><apiValueAccess value="readwrite"/><apiType value="Number"/></apiValueDef></apiValueDetail></apiValue><apiValue id="org.as3coreaddendum.display:IDisplayObject:org.as3coreaddendum.display:IDisplayObject:rotationZ:get"><apiName>rotationZ</apiName><shortdesc/><prolog/><apiValueDetail><apiValueDef><apiProperty/><apiAccess value="public"/><apiDynamic/><apiValueAccess value="readwrite"/><apiType value="Number"/></apiValueDef></apiValueDetail></apiValue><apiValue id="org.as3coreaddendum.display:IDisplayObject:org.as3coreaddendum.display:IDisplayObject:rotation:get"><apiName>rotation</apiName><shortdesc/><prolog/><apiValueDetail><apiValueDef><apiProperty/><apiAccess value="public"/><apiDynamic/><apiValueAccess value="readwrite"/><apiType value="Number"/></apiValueDef></apiValueDetail></apiValue><apiValue id="org.as3coreaddendum.display:IDisplayObject:org.as3coreaddendum.display:IDisplayObject:scale9Grid:get"><apiName>scale9Grid</apiName><shortdesc/><prolog/><apiValueDetail><apiValueDef><apiProperty/><apiAccess value="public"/><apiDynamic/><apiValueAccess value="readwrite"/><apiType value="flash.geom:Rectangle"/></apiValueDef></apiValueDetail></apiValue><apiValue id="org.as3coreaddendum.display:IDisplayObject:org.as3coreaddendum.display:IDisplayObject:scaleX:get"><apiName>scaleX</apiName><shortdesc/><prolog/><apiValueDetail><apiValueDef><apiProperty/><apiAccess value="public"/><apiDynamic/><apiValueAccess value="readwrite"/><apiType value="Number"/></apiValueDef></apiValueDetail></apiValue><apiValue id="org.as3coreaddendum.display:IDisplayObject:org.as3coreaddendum.display:IDisplayObject:scaleY:get"><apiName>scaleY</apiName><shortdesc/><prolog/><apiValueDetail><apiValueDef><apiProperty/><apiAccess value="public"/><apiDynamic/><apiValueAccess value="readwrite"/><apiType value="Number"/></apiValueDef></apiValueDetail></apiValue><apiValue id="org.as3coreaddendum.display:IDisplayObject:org.as3coreaddendum.display:IDisplayObject:scaleZ:get"><apiName>scaleZ</apiName><shortdesc/><prolog/><apiValueDetail><apiValueDef><apiProperty/><apiAccess value="public"/><apiDynamic/><apiValueAccess value="readwrite"/><apiType value="Number"/></apiValueDef></apiValueDetail></apiValue><apiValue id="org.as3coreaddendum.display:IDisplayObject:org.as3coreaddendum.display:IDisplayObject:scrollRect:get"><apiName>scrollRect</apiName><shortdesc/><prolog/><apiValueDetail><apiValueDef><apiProperty/><apiAccess value="public"/><apiDynamic/><apiValueAccess value="readwrite"/><apiType value="flash.geom:Rectangle"/></apiValueDef></apiValueDetail></apiValue><apiValue id="org.as3coreaddendum.display:IDisplayObject:org.as3coreaddendum.display:IDisplayObject:stage:get"><apiName>stage</apiName><shortdesc/><prolog/><apiValueDetail><apiValueDef><apiProperty/><apiAccess value="public"/><apiDynamic/><apiValueAccess value="read"/><apiType value="flash.display:Stage"/></apiValueDef></apiValueDetail></apiValue><apiValue id="org.as3coreaddendum.display:IDisplayObject:org.as3coreaddendum.display:IDisplayObject:transform:get"><apiName>transform</apiName><shortdesc/><prolog/><apiValueDetail><apiValueDef><apiProperty/><apiAccess value="public"/><apiDynamic/><apiValueAccess value="readwrite"/><apiType value="flash.geom:Transform"/></apiValueDef></apiValueDetail></apiValue><apiValue id="org.as3coreaddendum.display:IDisplayObject:org.as3coreaddendum.display:IDisplayObject:visible:get"><apiName>visible</apiName><shortdesc/><prolog/><apiValueDetail><apiValueDef><apiProperty/><apiAccess value="public"/><apiDynamic/><apiValueAccess value="readwrite"/><apiType value="Boolean"/></apiValueDef></apiValueDetail></apiValue><apiValue id="org.as3coreaddendum.display:IDisplayObject:org.as3coreaddendum.display:IDisplayObject:width:get"><apiName>width</apiName><shortdesc/><prolog/><apiValueDetail><apiValueDef><apiProperty/><apiAccess value="public"/><apiDynamic/><apiValueAccess value="readwrite"/><apiType value="Number"/></apiValueDef></apiValueDetail></apiValue><apiValue id="org.as3coreaddendum.display:IDisplayObject:org.as3coreaddendum.display:IDisplayObject:x:get"><apiName>x</apiName><shortdesc/><prolog/><apiValueDetail><apiValueDef><apiProperty/><apiAccess value="public"/><apiDynamic/><apiValueAccess value="readwrite"/><apiType value="Number"/></apiValueDef></apiValueDetail></apiValue><apiValue id="org.as3coreaddendum.display:IDisplayObject:org.as3coreaddendum.display:IDisplayObject:y:get"><apiName>y</apiName><shortdesc/><prolog/><apiValueDetail><apiValueDef><apiProperty/><apiAccess value="public"/><apiDynamic/><apiValueAccess value="readwrite"/><apiType value="Number"/></apiValueDef></apiValueDetail></apiValue><apiValue id="org.as3coreaddendum.display:IDisplayObject:org.as3coreaddendum.display:IDisplayObject:z:get"><apiName>z</apiName><shortdesc/><prolog/><apiValueDetail><apiValueDef><apiProperty/><apiAccess value="public"/><apiDynamic/><apiValueAccess value="readwrite"/><apiType value="Number"/></apiValueDef></apiValueDetail></apiValue><apiValue id="org.as3coreaddendum.display:IDisplayObject:org.as3coreaddendum.display:IDisplayObject:blendShader:set"><apiName>blendShader</apiName><shortdesc/><prolog/><apiValueDetail><apiValueDef><apiProperty/><apiAccess value="public"/><apiDynamic/><apiValueAccess value="write"/><apiType value="flash.display:Shader"/></apiValueDef></apiValueDetail></apiValue></apiClassifier><apiClassifier id="org.as3coreaddendum.display:IInteractiveObject"><apiName>IInteractiveObject</apiName><shortdesc>
	 When working on an architecture of interfaces for user-interface components, this interface may be desirable.</shortdesc><prolog><author>Flávio Silva
	 </author><asMetadata/></prolog><apiClassifierDetail><apiClassifierDef><apiInterface/><apiAccess value="public"/><apiStatic/><apiBaseInterface>org.as3coreaddendum.display:IDisplayObject</apiBaseInterface><apiBaseClassifier/></apiClassifierDef><apiDesc>
	 When working on an architecture of interfaces for user-interface components, this interface may be desirable.
	 <p>This interface simulates a native <codeph>InteractiveObject</codeph> interface, specifying all properties of the <codeph>InteractiveObject</codeph> class for pure Flash Player 10.</p>
	 <p>For more information see the ActionScript 3.0 Language Reference.</p>
	 
	 </apiDesc></apiClassifierDetail><apiValue id="org.as3coreaddendum.display:IInteractiveObject:org.as3coreaddendum.display:IInteractiveObject:accessibilityImplementation:get"><apiName>accessibilityImplementation</apiName><shortdesc/><prolog/><apiValueDetail><apiValueDef><apiProperty/><apiAccess value="public"/><apiDynamic/><apiValueAccess value="readwrite"/><apiType value="flash.accessibility:AccessibilityImplementation"/></apiValueDef></apiValueDetail></apiValue><apiValue id="org.as3coreaddendum.display:IInteractiveObject:org.as3coreaddendum.display:IInteractiveObject:doubleClickEnabled:get"><apiName>doubleClickEnabled</apiName><shortdesc/><prolog/><apiValueDetail><apiValueDef><apiProperty/><apiAccess value="public"/><apiDynamic/><apiValueAccess value="readwrite"/><apiType value="Boolean"/></apiValueDef></apiValueDetail></apiValue><apiValue id="org.as3coreaddendum.display:IInteractiveObject:org.as3coreaddendum.display:IInteractiveObject:focusRect:get"><apiName>focusRect</apiName><shortdesc/><prolog/><apiValueDetail><apiValueDef><apiProperty/><apiAccess value="public"/><apiDynamic/><apiValueAccess value="readwrite"/><apiType value="Object"/></apiValueDef></apiValueDetail></apiValue><apiValue id="org.as3coreaddendum.display:IInteractiveObject:org.as3coreaddendum.display:IInteractiveObject:mouseEnabled:get"><apiName>mouseEnabled</apiName><shortdesc/><prolog/><apiValueDetail><apiValueDef><apiProperty/><apiAccess value="public"/><apiDynamic/><apiValueAccess value="readwrite"/><apiType value="Boolean"/></apiValueDef></apiValueDetail></apiValue><apiValue id="org.as3coreaddendum.display:IInteractiveObject:org.as3coreaddendum.display:IInteractiveObject:tabEnabled:get"><apiName>tabEnabled</apiName><shortdesc/><prolog/><apiValueDetail><apiValueDef><apiProperty/><apiAccess value="public"/><apiDynamic/><apiValueAccess value="readwrite"/><apiType value="Boolean"/></apiValueDef></apiValueDetail></apiValue><apiValue id="org.as3coreaddendum.display:IInteractiveObject:org.as3coreaddendum.display:IInteractiveObject:tabIndex:get"><apiName>tabIndex</apiName><shortdesc/><prolog/><apiValueDetail><apiValueDef><apiProperty/><apiAccess value="public"/><apiDynamic/><apiValueAccess value="readwrite"/><apiType value="int"/></apiValueDef></apiValueDetail></apiValue></apiClassifier></apiPackage>