<?xml version="1.0" encoding="UTF-8"?><apiPackage id="org.as3coreaddendum.errors"><apiName>org.as3coreaddendum.errors</apiName><apiDetail/><apiClassifier id="org.as3coreaddendum.errors:UnsupportedOperationError"><apiName>UnsupportedOperationError</apiName><shortdesc>
	 The error that is thrown to indicate that the requested operation is not supported.</shortdesc><prolog><author>Flávio Silva
	 </author><asMetadata/></prolog><apiClassifierDetail><apiClassifierDef><apiAccess value="public"/><apiStatic/><apiBaseClassifier>Error</apiBaseClassifier></apiClassifierDef><apiDesc>
	 The error that is thrown to indicate that the requested operation is not supported.
	 
	 </apiDesc></apiClassifierDetail><apiConstructor id="org.as3coreaddendum.errors:UnsupportedOperationError:UnsupportedOperationError"><apiName>UnsupportedOperationError</apiName><shortdesc>
		 Constructor, creates a new UnsupportedOperationError instance.</shortdesc><prolog/><apiConstructorDetail><apiConstructorDef><apiAccess value="public"/><apiParam><apiItemName>message</apiItemName><apiType value="String"/><apiData>null</apiData><apiDesc>A string associated with the error object.
		 </apiDesc></apiParam></apiConstructorDef><apiDesc>
		 Constructor, creates a new UnsupportedOperationError instance.
		 
		 </apiDesc></apiConstructorDetail></apiConstructor></apiClassifier><apiClassifier id="org.as3coreaddendum.errors:NullPointerError"><apiName>NullPointerError</apiName><shortdesc>
	 The error that is thrown to indicate that null was received when an object was required.</shortdesc><prolog><author>Flávio Silva
	 </author><asMetadata/></prolog><apiClassifierDetail><apiClassifierDef><apiAccess value="public"/><apiStatic/><apiBaseClassifier>Error</apiBaseClassifier></apiClassifierDef><apiDesc>
	 The error that is thrown to indicate that <codeph>null</codeph> was received when an object was required.
	 
	 </apiDesc></apiClassifierDetail><apiConstructor id="org.as3coreaddendum.errors:NullPointerError:NullPointerError"><apiName>NullPointerError</apiName><shortdesc>
		 Constructor, creates a new NullPointerError instance.</shortdesc><prolog/><apiConstructorDetail><apiConstructorDef><apiAccess value="public"/><apiParam><apiItemName>message</apiItemName><apiType value="String"/><apiData>null</apiData><apiDesc>	A string associated with the error object.
		 </apiDesc></apiParam></apiConstructorDef><apiDesc>
		 Constructor, creates a new NullPointerError instance.
		 
		 </apiDesc></apiConstructorDetail></apiConstructor></apiClassifier><apiClassifier id="org.as3coreaddendum.errors:CloneNotSupportedError"><apiName>CloneNotSupportedError</apiName><shortdesc>
	 The error that is thrown to indicate that an object could not or should not be cloned.</shortdesc><prolog><author>Flávio Silva
	 </author><asMetadata/></prolog><apiClassifierDetail><apiClassifierDef><apiAccess value="public"/><apiStatic/><apiBaseClassifier>Error</apiBaseClassifier></apiClassifierDef><apiDesc>
	 The error that is thrown to indicate that an object could not or should not be cloned. 
	 
	 </apiDesc></apiClassifierDetail><related-links><link href="org.as3coreaddendum.system.xml#ICloneable"><linktext>ICloneable</linktext></link></related-links><apiConstructor id="org.as3coreaddendum.errors:CloneNotSupportedError:CloneNotSupportedError"><apiName>CloneNotSupportedError</apiName><shortdesc>
		 Constructor, creates a new CloneNotSupportedError instance.</shortdesc><prolog/><apiConstructorDetail><apiConstructorDef><apiAccess value="public"/><apiParam><apiItemName>message</apiItemName><apiType value="String"/><apiData>null</apiData><apiDesc>	A string associated with the error object.
		 </apiDesc></apiParam></apiConstructorDef><apiDesc>
		 Constructor, creates a new CloneNotSupportedError instance.
		 
		 </apiDesc></apiConstructorDetail></apiConstructor></apiClassifier><apiClassifier id="org.as3coreaddendum.errors:InvalidEnumArgumentError"><apiName>InvalidEnumArgumentError</apiName><shortdesc>
	 The error that is thrown to indicate that you pass an invalid enumeration value to a method or when setting a property.</shortdesc><prolog><author>Flávio Silva
	 </author><asMetadata/></prolog><apiClassifierDetail><apiClassifierDef><apiAccess value="public"/><apiStatic/><apiBaseClassifier>Error</apiBaseClassifier></apiClassifierDef><apiDesc>
	 The error that is thrown to indicate that you pass an invalid enumeration value to a method or when setting a property.
	 
	 </apiDesc></apiClassifierDetail><related-links><link href="org.as3coreaddendum.system.xml#Enum"><linktext>Enum</linktext></link></related-links><apiConstructor id="org.as3coreaddendum.errors:InvalidEnumArgumentError:InvalidEnumArgumentError"><apiName>InvalidEnumArgumentError</apiName><shortdesc>
		 Constructor, creates a new InvalidEnumArgumentError instance.</shortdesc><prolog/><apiConstructorDetail><apiConstructorDef><apiAccess value="public"/><apiParam><apiItemName>message</apiItemName><apiType value="String"/><apiData>null</apiData><apiDesc>	A string associated with the error object.
		 </apiDesc></apiParam></apiConstructorDef><apiDesc>
		 Constructor, creates a new InvalidEnumArgumentError instance.
		 
		 </apiDesc></apiConstructorDetail></apiConstructor></apiClassifier><apiClassifier id="org.as3coreaddendum.errors:ClassCastError"><apiName>ClassCastError</apiName><shortdesc>
	 The error that is thrown to indicate that another type of class was expected.</shortdesc><prolog><author>Flávio Silva
	 </author><asMetadata/></prolog><apiClassifierDetail><apiClassifierDef><apiAccess value="public"/><apiStatic/><apiBaseClassifier>Error</apiBaseClassifier></apiClassifierDef><apiDesc>
	 The error that is thrown to indicate that another type of class was expected.
	 
	 </apiDesc></apiClassifierDetail><apiConstructor id="org.as3coreaddendum.errors:ClassCastError:ClassCastError"><apiName>ClassCastError</apiName><shortdesc>
		 Constructor, creates a new ClassCastError instance.</shortdesc><prolog/><apiConstructorDetail><apiConstructorDef><apiAccess value="public"/><apiParam><apiItemName>message</apiItemName><apiType value="String"/><apiData>null</apiData><apiDesc>	A string associated with the error object.
		 </apiDesc></apiParam></apiConstructorDef><apiDesc>
		 Constructor, creates a new ClassCastError instance.
		 
		 </apiDesc></apiConstructorDetail></apiConstructor></apiClassifier><apiClassifier id="org.as3coreaddendum.errors:ObjectDisposedError"><apiName>ObjectDisposedError</apiName><shortdesc>
	 The error that is thrown when an operation is performed on a disposed object that implements the org.as3coreaddendum.system.IDisposable interface.</shortdesc><prolog><author>Flávio Silva
	 </author><asMetadata/></prolog><apiClassifierDetail><apiClassifierDef><apiAccess value="public"/><apiStatic/><apiBaseClassifier>Error</apiBaseClassifier></apiClassifierDef><apiDesc>
	 The error that is thrown when an operation is performed on a disposed object that implements the org.as3coreaddendum.system.IDisposable interface.
	 
	 </apiDesc></apiClassifierDetail><related-links><link href="org.as3coreaddendum.system.xml#IDisposable"><linktext>IDisposable</linktext></link></related-links><apiConstructor id="org.as3coreaddendum.errors:ObjectDisposedError:ObjectDisposedError"><apiName>ObjectDisposedError</apiName><shortdesc>
		 Constructor, creates a new ObjectDisposedError instance.</shortdesc><prolog/><apiConstructorDetail><apiConstructorDef><apiAccess value="public"/><apiParam><apiItemName>message</apiItemName><apiType value="String"/><apiData>null</apiData><apiDesc>A string associated with the error object.
		 </apiDesc></apiParam></apiConstructorDef><apiDesc>
		 Constructor, creates a new ObjectDisposedError instance.
		 
		 </apiDesc></apiConstructorDetail></apiConstructor></apiClassifier><apiClassifier id="org.as3coreaddendum.errors:IllegalStateError"><apiName>IllegalStateError</apiName><shortdesc>
	 The error that is thrown to indicate that an object entered into an illegal state.</shortdesc><prolog><author>Flávio Silva
	 </author><asMetadata/></prolog><apiClassifierDetail><apiClassifierDef><apiAccess value="public"/><apiStatic/><apiBaseClassifier>Error</apiBaseClassifier></apiClassifierDef><apiDesc>
	 The error that is thrown to indicate that an object entered into an illegal state.
	 
	 </apiDesc></apiClassifierDetail><apiConstructor id="org.as3coreaddendum.errors:IllegalStateError:IllegalStateError"><apiName>IllegalStateError</apiName><shortdesc>
		 Constructor, creates a new IllegalStateError instance.</shortdesc><prolog/><apiConstructorDetail><apiConstructorDef><apiAccess value="public"/><apiParam><apiItemName>message</apiItemName><apiType value="String"/><apiData>null</apiData><apiDesc>	A string associated with the error object.
		 </apiDesc></apiParam></apiConstructorDef><apiDesc>
		 Constructor, creates a new IllegalStateError instance.
		 
		 </apiDesc></apiConstructorDetail></apiConstructor></apiClassifier></apiPackage>